{"cameraMode":{"drawMode":0,"name":"Shaded","section":"Shading Mode"},"sceneLighting":true,"audioPlay":false,"sceneViewState":{"showFog":true,"showMaterialUpdate":false,"showSkybox":true,"showFlares":true,"showImageEffects":true,"showParticleSystems":true},"in2DMode":false,"pivot":{"x":-12.666942596435547,"y":-6.430983543395996,"z":5.5270233154296879},"rotation":{"x":-0.2277308851480484,"y":0.4729909896850586,"z":-0.1280115693807602,"w":-0.8414486050605774},"size":15.749809265136719,"orthographic":false}