{"cameraMode":{"drawMode":0,"name":"Shaded","section":"Shading Mode"},"sceneLighting":true,"audioPlay":false,"sceneViewState":{"showFog":true,"showMaterialUpdate":false,"showSkybox":true,"showFlares":true,"showImageEffects":true,"showParticleSystems":true},"in2DMode":false,"pivot":{"x":1.257388710975647,"y":-8.13808536529541,"z":7.785245895385742},"rotation":{"x":-0.22918379306793214,"y":0.02393951080739498,"z":-0.005638383328914642,"w":-0.9730743765830994},"size":20.685749053955079,"orthographic":false}